# description	TCRex prediction for epitope(s) IPSINVHHY, NLVPMVATV, QIKVRVKMV, QYDPVAALF, TPRVTGGGAM, VTEHDTLLY, YSEHPTFTSQY, GTSGSPIVNR, GTSGSPIIDK, GTSGSPIINR, EPLPQGQLTAY, GLCTLVAML, HPVGEADYFEY, IVTDFSVIK, RAKFKQLL, YVLDHLIVV, ARMILMTHF, ATDALMTGY, CINGVCWTV, HSKKKCDEL, KLVALGINAV, EIYKRWII, FLKEKGGL, FPRPWLHGL, FRDYVDRFYKTLRAEQASQE, HPKVSSEVHI, IIKDYGKQM, ISPRTLNAW, KAFSPEVIPMF, KRWIILGLNK, KRWIIMGLNK, LPPIVAKEI, QVPLRPMTYK, RFYKTLRAEQASQ, RLRPGGKKK, RYPLTFGWCF, TPGPGVRYPL, TPQDLNTML, RPRGEVRFL, SFHSLHLLF, GILGFVFTL, LPRRSGAAGA, PKYVKQNTLKLAT, LLWNGPMAV, AMFWSVPTV, EAAGIGILTV, ELAGIGILTV, FLYNLLTRV, LLLGIGILV
# input files	P1_15_clones.txt_6.tsv
# TCR repertoire size	33110
# version	2020-10-28
# IMGT parsing	Yes
# submission time	2022-08-24 10:01:12
# BPR threshold	0.0001
TRBV_gene	CDR3_beta	TRBJ_gene	epitope	pathology	score	bpr
TRBV20-01	CSARLSYEQYF	TRBJ02	EIYKRWII	HIV	0.89	0.0
TRBV25-01	CASSSGEAFF	TRBJ01	KLVALGINAV	HCV	0.85	0.0
TRBV05	CASSLGDTEAFF	TRBJ01	NLVPMVATV	CMV	0.83	0.0
TRBV07	CASSLSGTGELFF	TRBJ02	CINGVCWTV	HCV	0.83	0.0
TRBV11	CASSSGTSGYEQYF	TRBJ02	QIKVRVKMV	CMV	0.78	0.0
TRBV29-01	CSVGGTSYEQYF	TRBJ02	YSEHPTFTSQY	CMV	0.78	0.0
TRBV29-01	CSVEGTTYEQYF	TRBJ02	YSEHPTFTSQY	CMV	0.78	0.0
TRBV29-01	CSVEGLSYEQYF	TRBJ02	YSEHPTFTSQY	CMV	0.78	0.0
TRBV05	CASRIWGGTDTQYF	TRBJ02	RPRGEVRFL	HSV2	0.78	0.0
TRBV07	CASSFGTGLTGELFF	TRBJ02	ISPRTLNAW	HIV	0.72	0.0
TRBV07	CASSTNNEQFF	TRBJ02	ISPRTLNAW	HIV	0.72	0.0
TRBV12	CASSLGGTTIYF	TRBJ01	TPQDLNTML	HIV	0.71	0.0
TRBV20-01	CSATGREAYNEQFF	TRBJ02	HPKVSSEVHI	HIV	0.64	0.0
TRBV05	CASSTGTSGYEQYF	TRBJ02	QIKVRVKMV	CMV	0.6	0.0
TRBV20-01	CSARDGTGNGYTF	TRBJ01	GLCTLVAML	EBV	1.0	1e-05
TRBV07	CASSLGGGLQETQYF	TRBJ02	GTSGSPIINR	DENV3/4	0.92	1e-05
TRBV05	CASSLGGLGQPQHF	TRBJ01	LLLGIGILV	Multiple Myeloma	0.89	1e-05
TRBV07	CASSLTGLGQPQHF	TRBJ01	LLLGIGILV	Multiple Myeloma	0.88	1e-05
TRBV20-01	CSARDGYEQYF	TRBJ02	EIYKRWII	HIV	0.84	1e-05
TRBV10	CASSLGDTEAFF	TRBJ01	NLVPMVATV	CMV	0.8	1e-05
TRBV20-01	CSARDEYEQYF	TRBJ02	EIYKRWII	HIV	0.8	1e-05
TRBV07	CASSLASNEQFF	TRBJ02	ARMILMTHF	HCV	0.77	1e-05
TRBV07	CASSLYGGAADTQYF	TRBJ02	FPRPWLHGL	HIV	0.77	1e-05
TRBV06	CASSWGSGGNYGYTF	TRBJ01	IVTDFSVIK	EBV	0.75	1e-05
TRBV10	CASSESASGFYNEQFF	TRBJ02	IVTDFSVIK	EBV	0.74	1e-05
TRBV07	CASSLGGGLQETQYF	TRBJ02	GTSGSPIIDK	DENV2	0.73	1e-05
TRBV25-01	CASSDSGGGFYNEQFF	TRBJ02	IVTDFSVIK	EBV	0.73	1e-05
TRBV04	CASSQGGGTEAFF	TRBJ01	CINGVCWTV	HCV	0.73	1e-05
TRBV05	CASSLGAGGPTDTQYF	TRBJ02	QYDPVAALF	CMV	0.68	1e-05
TRBV06	CASSESRGSGNTIYF	TRBJ01	QVPLRPMTYK	HIV	0.59	1e-05
TRBV12	CASSFGVTEAFF	TRBJ01	TPQDLNTML	HIV	0.58	1e-05
TRBV04	CASSQEQGGIGQPQHF	TRBJ01	TPQDLNTML	HIV	0.57	1e-05
TRBV11	CASSDRDSQETQYF	TRBJ02	RYPLTFGWCF	HIV	0.56	1e-05
TRBV11	CASSADRTYEQYF	TRBJ02	RYPLTFGWCF	HIV	0.56	1e-05
TRBV04	CASSLGTEYNEQFF	TRBJ02	QIKVRVKMV	CMV	0.55	1e-05
TRBV07	CASSLTGLGQPQHF	TRBJ01	ELAGIGILTV	Melanoma	0.85	2e-05
TRBV25-01	CASSESSTIYF	TRBJ01	KLVALGINAV	HCV	0.84	2e-05
TRBV29-01	CSVGTGPYEQYF	TRBJ02	RAKFKQLL	EBV	0.82	2e-05
TRBV07	CASSLGAYEQYF	TRBJ02	AMFWSVPTV	Melanoma	0.81	2e-05
TRBV07	CASSLGGYEQYF	TRBJ02	AMFWSVPTV	Melanoma	0.81	2e-05
TRBV03	CASSSGVGQPQHF	TRBJ01	LLLGIGILV	Multiple Myeloma	0.81	2e-05
TRBV07	CASSLSGGYEQYF	TRBJ02	AMFWSVPTV	Melanoma	0.79	2e-05
TRBV29-01	CSVETGSSYEQYF	TRBJ02	YSEHPTFTSQY	CMV	0.75	2e-05
TRBV29-01	CSVYGGPYEQYF	TRBJ02	YSEHPTFTSQY	CMV	0.74	2e-05
TRBV07	CASSLFPGASNEQFF	TRBJ02	FPRPWLHGL	HIV	0.66	2e-05
TRBV07	CASSSTGTGGAEQFF	TRBJ02	QYDPVAALF	CMV	0.63	2e-05
TRBV07	CASSLGAGGSTDTQYF	TRBJ02	QYDPVAALF	CMV	0.62	2e-05
TRBV29-01	CSVGRDANYGYTF	TRBJ01	QIKVRVKMV	CMV	0.54	2e-05
TRBV06	CASSYGRGRANEQFF	TRBJ02	QVPLRPMTYK	HIV	0.54	2e-05
TRBV11	CASSFSSGTTDTQYF	TRBJ02	GLCTLVAML	EBV	0.87	3e-05
TRBV25-01	CASSEGGGYTF	TRBJ01	KLVALGINAV	HCV	0.82	3e-05
TRBV03	CASSPTGRTDTQYF	TRBJ02	TPGPGVRYPL	HIV	0.78	3e-05
TRBV07	CASSASYEQYF	TRBJ02	NLVPMVATV	CMV	0.76	3e-05
TRBV06	CASSLQGSRTEAFF	TRBJ01	EIYKRWII	HIV	0.73	3e-05
TRBV06	CASSYTGGEAFF	TRBJ01	IPSINVHHY	CMV	0.71	3e-05
TRBV11	CASSFEAGGYEQYF	TRBJ02	ARMILMTHF	HCV	0.71	3e-05
TRBV07	CASRGDGEETQYF	TRBJ02	IIKDYGKQM	HIV	0.68	3e-05
TRBV07	CASSPGTDTQYF	TRBJ02	VTEHDTLLY	CMV	0.67	3e-05
TRBV25-01	CASRPAGRDNEQFF	TRBJ02	RPRGEVRFL	HSV2	0.66	3e-05
TRBV10	CAISDQGDTQYF	TRBJ02	RPRGEVRFL	HSV2	0.66	3e-05
TRBV07	CASSLYGGRLDTQYF	TRBJ02	FPRPWLHGL	HIV	0.64	3e-05
TRBV29-01	CSVEVVGQPNTGELFF	TRBJ02	QVPLRPMTYK	HIV	0.51	3e-05
TRBV11	CASSSDRGYEQYF	TRBJ02	RYPLTFGWCF	HIV	0.49	3e-05
TRBV05	CASSLGGLGQPQHF	TRBJ01	EAAGIGILTV	Melanoma	0.88	4e-05
TRBV07	CASSPPRGDTQYF	TRBJ02	SFHSLHLLF	HTLV1	0.76	4e-05
TRBV20-01	CSARDLGGLNTEAFF	TRBJ01	NLVPMVATV	CMV	0.74	4e-05
TRBV05	CASSLGGDTEAFF	TRBJ01	CINGVCWTV	HCV	0.68	4e-05
TRBV07	CASSSGGGIQETQYF	TRBJ02	GTSGSPIIDK	DENV2	0.66	4e-05
TRBV05	CASSFGQGGNYGYTF	TRBJ01	IVTDFSVIK	EBV	0.63	4e-05
TRBV05	CASSLLGGLTDTQYF	TRBJ02	FLKEKGGL	HIV	0.63	4e-05
TRBV12	CASSLGGNEAFF	TRBJ01	TPQDLNTML	HIV	0.55	4e-05
TRBV11	CASSRLAGSTDTQYF	TRBJ02	QIKVRVKMV	CMV	0.53	4e-05
TRBV29-01	CSVDSGRNYGYTF	TRBJ01	QIKVRVKMV	CMV	0.53	4e-05
TRBV05	CASSPGGELFF	TRBJ02	KLVALGINAV	HCV	0.8	5e-05
TRBV07	CASSLYGYEQYF	TRBJ02	AMFWSVPTV	Melanoma	0.77	5e-05
TRBV07	CASSLAGGEQYF	TRBJ02	AMFWSVPTV	Melanoma	0.77	5e-05
TRBV07	CASSLGGYEQYF	TRBJ02	GLCTLVAML	EBV	0.76	5e-05
TRBV04	CASSQEGRYNEQFF	TRBJ02	TPGPGVRYPL	HIV	0.76	5e-05
TRBV04	CVSSQEGRYDEQFF	TRBJ02	TPGPGVRYPL	HIV	0.75	5e-05
TRBV07	CASSLGMGQPQHF	TRBJ01	LLLGIGILV	Multiple Myeloma	0.75	5e-05
TRBV05	CASSLGGLGQPQHF	TRBJ01	ELAGIGILTV	Melanoma	0.74	5e-05
TRBV29-01	CSVEVNTEAFF	TRBJ01	NLVPMVATV	CMV	0.71	5e-05
TRBV07	CASSLEGLAGEQFF	TRBJ02	ARMILMTHF	HCV	0.68	5e-05
TRBV05	CASRSTGEETQYF	TRBJ02	IIKDYGKQM	HIV	0.64	5e-05
TRBV07	CASSPGTGLTGELFF	TRBJ02	ISPRTLNAW	HIV	0.62	5e-05
TRBV12	CASSTNEQFF	TRBJ02	ISPRTLNAW	HIV	0.62	5e-05
TRBV12	CASSLSGNTIYF	TRBJ01	TPQDLNTML	HIV	0.54	5e-05
TRBV07	CASSSTGLGQPQHF	TRBJ01	EAAGIGILTV	Melanoma	0.84	6e-05
TRBV07	CASSLTGLGQPQHF	TRBJ01	EAAGIGILTV	Melanoma	0.83	6e-05
TRBV11	CASSLGSYEQYF	TRBJ02	KLVALGINAV	HCV	0.79	6e-05
TRBV05	CASSSRTGELFF	TRBJ02	HPVGEADYFEY	EBV	0.77	6e-05
TRBV07	CASSLGNTEAFF	TRBJ01	GLCTLVAML	EBV	0.74	6e-05
TRBV06	CASSTRQNTEAFF	TRBJ01	KRWIILGLNK	HIV	0.74	6e-05
TRBV29-01	CSVQGGTYEQYF	TRBJ02	YSEHPTFTSQY	CMV	0.73	6e-05
TRBV29-01	CSVVTGSYEQYF	TRBJ02	YSEHPTFTSQY	CMV	0.72	6e-05
TRBV07	CASKPDRSYEQYF	TRBJ02	SFHSLHLLF	HTLV1	0.72	6e-05
TRBV07	CASSPQGRRNEQFF	TRBJ02	TPGPGVRYPL	HIV	0.71	6e-05
TRBV07	CASSLDRNTGELFF	TRBJ02	RLRPGGKKK	HIV	0.7	6e-05
TRBV04	CASSQDLMAGAPYEQYF	TRBJ02	CINGVCWTV	HCV	0.66	6e-05
TRBV25-01	CASRRTGGGTEAFF	TRBJ01	RPRGEVRFL	HSV2	0.64	6e-05
TRBV07	CASSITSGGWYNEQFF	TRBJ02	IVTDFSVIK	EBV	0.62	6e-05
TRBV07	CASTNSGSGAGELFF	TRBJ02	QYDPVAALF	CMV	0.6	6e-05
TRBV11	CASSLLAGVADTQYF	TRBJ02	FLKEKGGL	HIV	0.6	6e-05
TRBV20-01	CSAPTSGYNEQFF	TRBJ02	YVLDHLIVV	EBV	0.55	6e-05
TRBV05	CASSSGTGAYEQYF	TRBJ02	QIKVRVKMV	CMV	0.52	6e-05
TRBV29-01	CSVDSGRDHGYTF	TRBJ01	QIKVRVKMV	CMV	0.52	6e-05
TRBV06	CASSYSGQLNEQFF	TRBJ02	ATDALMTGY	HCV	0.81	7e-05
TRBV06	CASSFPGQLDTQYF	TRBJ02	ATDALMTGY	HCV	0.79	7e-05
TRBV12	CAIATGDSNQPQHF	TRBJ01	EPLPQGQLTAY	EBV	0.74	7e-05
TRBV10	CATRTGDSNQPQHF	TRBJ01	EPLPQGQLTAY	EBV	0.72	7e-05
TRBV07	CASSLDSYEQYF	TRBJ02	KRWIILGLNK	HIV	0.72	7e-05
TRBV07	CASSLVGTEAFF	TRBJ01	GLCTLVAML	EBV	0.7	7e-05
TRBV07	CASSLDRANEQFF	TRBJ02	SFHSLHLLF	HTLV1	0.68	7e-05
TRBV07	CASSSTGLGQPQHF	TRBJ01	ELAGIGILTV	Melanoma	0.68	7e-05
TRBV07	CASSLGQGDGYTF	TRBJ01	ELAGIGILTV	Melanoma	0.67	7e-05
TRBV07	CASSPSTGELFF	TRBJ02	ELAGIGILTV	Melanoma	0.67	7e-05
TRBV12	CASSPQDGPNEKLFF	TRBJ01	IPSINVHHY	CMV	0.65	7e-05
TRBV07	CASRFSGEETQYF	TRBJ02	IIKDYGKQM	HIV	0.61	7e-05
TRBV29-01	CSVGTGPYEQYF	TRBJ02	YSEHPTFTSQY	CMV	0.71	8e-05
TRBV04	CANSQEGRVDEQFF	TRBJ02	TPGPGVRYPL	HIV	0.7	8e-05
TRBV20-01	CSARQGDTEAFF	TRBJ01	NLVPMVATV	CMV	0.68	8e-05
TRBV05	CASSSGWGDTEAFF	TRBJ01	RLRPGGKKK	HIV	0.68	8e-05
TRBV07	CASTPPRQETQYF	TRBJ02	SFHSLHLLF	HTLV1	0.67	8e-05
TRBV04	CASSQELTTDPYEQYF	TRBJ02	CINGVCWTV	HCV	0.65	8e-05
TRBV07	CASNIGGGGQETQYF	TRBJ02	GTSGSPIIDK	DENV2	0.61	8e-05
TRBV07	CASSLGTGITGELFF	TRBJ02	ISPRTLNAW	HIV	0.61	8e-05
TRBV07	CASSSYEQYF	TRBJ02	ISPRTLNAW	HIV	0.61	8e-05
TRBV07	CASSSSGTRTDTQYF	TRBJ02	QYDPVAALF	CMV	0.57	8e-05
TRBV07	CASSFDTDTQYF	TRBJ02	QYDPVAALF	CMV	0.57	8e-05
TRBV12	CASSLVYTEAFF	TRBJ01	TPQDLNTML	HIV	0.53	8e-05
TRBV12	CASSLGLDEQFF	TRBJ02	TPQDLNTML	HIV	0.52	8e-05
TRBV07	CASSLGGNTIYF	TRBJ01	TPQDLNTML	HIV	0.52	8e-05
TRBV25-01	CASSEGTTEAFF	TRBJ01	KLVALGINAV	HCV	0.78	9e-05
TRBV11	CASSLGGYEQYF	TRBJ02	AMFWSVPTV	Melanoma	0.76	9e-05
TRBV05	CASSLGGGLGQPQHF	TRBJ01	EAAGIGILTV	Melanoma	0.76	9e-05
TRBV06	CASSYGNSNEQF	TRBJ02	EAAGIGILTV	Melanoma	0.76	9e-05
TRBV07	CASSLTTGELFF	TRBJ02	HPVGEADYFEY	EBV	0.72	9e-05
TRBV12	CASSLTGVGQPQHF	TRBJ01	LLLGIGILV	Multiple Myeloma	0.72	9e-05
TRBV05	CASSLVPGRDEAFF	TRBJ01	EIYKRWII	HIV	0.71	9e-05
TRBV20-01	CSARSSYEQYF	TRBJ02	EIYKRWII	HIV	0.71	9e-05
TRBV04	CASSQGLAGREQYF	TRBJ02	KRWIILGLNK	HIV	0.68	9e-05
TRBV07	CASSPTTGELFF	TRBJ02	KRWIILGLNK	HIV	0.68	9e-05
TRBV07	CASSIDRDEQYF	TRBJ02	KRWIILGLNK	HIV	0.68	9e-05
TRBV04	CASSQDKGNEQFF	TRBJ02	GLCTLVAML	EBV	0.67	9e-05
TRBV20-01	CSASIGDSNQPQHF	TRBJ01	EPLPQGQLTAY	EBV	0.66	9e-05
TRBV04	CASSQDRGNEQFF	TRBJ02	GLCTLVAML	EBV	0.66	9e-05
TRBV07	CASSLGMGQPQHF	TRBJ01	ELAGIGILTV	Melanoma	0.66	9e-05
TRBV07	CASSLSGSYEQYF	TRBJ02	VTEHDTLLY	CMV	0.63	9e-05
TRBV10	CAISESTSGFYNEQFF	TRBJ02	IVTDFSVIK	EBV	0.6	9e-05
TRBV07	CASSLSSHTDTQYF	TRBJ02	QYDPVAALF	CMV	0.56	9e-05
TRBV07	CASSIDSTDTQYF	TRBJ02	QYDPVAALF	CMV	0.56	9e-05
TRBV07	CASSFLAGVGDTQYF	TRBJ02	FLKEKGGL	HIV	0.56	9e-05
TRBV20-01	CSAPTSGGGNEQFF	TRBJ02	LLWNGPMAV	YellowFeverVirus	0.86	1e-04
TRBV07	CASSSLAGGIDTQYF	TRBJ02	AMFWSVPTV	Melanoma	0.75	1e-04
TRBV05	CASSLGGYEQYF	TRBJ02	AMFWSVPTV	Melanoma	0.75	1e-04
TRBV06	CASSLSGGYEQYF	TRBJ02	AMFWSVPTV	Melanoma	0.74	1e-04
TRBV20-01	CSASEGGVLGQPQHF	TRBJ01	EAAGIGILTV	Melanoma	0.74	1e-04
TRBV12	CASSLTGVGQPQHF	TRBJ01	EAAGIGILTV	Melanoma	0.74	1e-04
TRBV07	CASSLGVGQPQHF	TRBJ01	LLLGIGILV	Multiple Myeloma	0.69	1e-04
TRBV04	CASSQGTSAYEQYF	TRBJ02	KRWIILGLNK	HIV	0.67	1e-04
TRBV07	CASSSDRAEQYF	TRBJ02	KRWIILGLNK	HIV	0.67	1e-04
TRBV05	CASSGTTGELFF	TRBJ02	KRWIILGLNK	HIV	0.67	1e-04
TRBV07	CASSPPRTVEAFF	TRBJ01	SFHSLHLLF	HTLV1	0.65	1e-04
TRBV29-01	CSVEEDTNYGYTF	TRBJ01	IIKDYGKQM	HIV	0.59	1e-04
TRBV24-01	CATSDGYEQYF	TRBJ02	IIKDYGKQM	HIV	0.58	1e-04
TRBV06	CASSEGGDYTF	TRBJ01	IIKDYGKQM	HIV	0.58	1e-04
TRBV07	CASSLSTTDTQYF	TRBJ02	QYDPVAALF	CMV	0.55	1e-04
TRBV07	CASSSPSGGTQYF	TRBJ02	QYDPVAALF	CMV	0.55	1e-04
TRBV07	CASSGSGGPDTQYF	TRBJ02	QYDPVAALF	CMV	0.54	1e-04
